title,content,date,cleaned_content,sentiment,sentiment_label
黑客窃取迪士尼 Slack 频道 1.1TB 数据后，承认两项重罪指控,"IT 5 2 Walt Disney Slack 7 1.1TB 
 Ryan Mitchell KramerITNullBulge
 Slack Microsoft Teams 10,000 Slack 
Kramer 
2024 Kramer  GitHub AI Kramer 
Kramer  Slack 1.1TB 
 Kramer  
IT",2025-05-02,IT52WaltDisney Slack71.1 TB RyanMitchellKramerITNullBulgeSlackMicrosoftTeams10 000SlackKramer2024Kramer GitHubAIKramer Kramer Slack1.1 TBKramer IT,0.00027798941246282016,负面
巴菲特股东大会前瞻：执掌伯克希尔60年 巨轮将驶向何方,53·Berkshire Hathaway·Warren Buffett9460538539,2025-05-01,53 BerkshireHathaway WarrenBuffett9460538539,0.44767845850986676,中性
美国经济三年来首次萎缩，关税生效前企业大力囤货导致进口创纪录,"100
112025
 High Frequency EconomicsCarl WeinbergGDPGDP
GDP0.3%2022
GDP22.5%
3.0%2.9%
GDP0.3%2.4%
41.3%2020GDP4.83
GDP1401GDP2.25
0.8%
3PCE20.5%3
4.0%1.8%
30.7%4",2025-05-01,100112025HighFrequencyEconomicsCarlWeinbergGDPGDPGDP0.3% 2022GDP22.5% 3.0% 2.9% GDP0.3% 2.4% 41.3% 2020GDP4.83 GDP1401GDP2.250 8% 3PCE20.5% 34.0% 1.8% 30.7%,0.049186074103048205,负面
关于新冠疫情防控与病毒溯源的中方行动和立场,"191814
20202021
202078202010124
20211217172829
2021330SARS-CoV-2
2021SAGOSARS-CoV-2SAGO
SARS-CoV-2
SARS-CoV-2
202020191112128
20217.617420191012
2022201991123143850201912
8201720212020
20… [+995 chars]",2025-04-30,19181420202021202078202010124202112171728292021330SARS CoV 22021SAGOSARS CoV 2SAGOSARS CoV 2SARS CoV 220202019111212820217.6174201910122022201991123143850201912820172021202020 995chars,0.186883963356826,负面
办公生产力跃升：Hi MateBook D 16发布，同价位大屏本的实力之选,"Hi MateBook DHi MateBook D 16 202516®5AI
16
Hi MateBook D 16 1616:1016:910%WordExcel90%4.6mm
1920x1200100% sRGB300Hi MateBook D 16TÜVDC
Hi MateBook D 16 ® 5Intel®Graphics
Hi MateBook D 16Fn+P40W… [+454 chars]",2025-04-30,HiMateBookDHiMateBookD16202516 5AI16HiMateBookD161616 1016 910% WordExcel90% 4.6 mm1920x1200100% sRGB300HiMateBookD16T VDCHiMateBookD16 5Intel GraphicsHiMateBookD16Fn P40W 454chars,0.00020155748759254077,负面
受权发布丨关于新冠疫情防控与病毒溯源的中方行动和立场,"43030
20254
191814
20202021
202078202010124
20211217172829
2021330SARS-CoV-2
2021SAGOSARS-CoV-2SAGO
SARS-CoV-2
SARS-CoV-2
202020191112128
20217.617420191012
2022201991123143850201912
820… [+990 chars]",2025-04-30,430302025419181420202021202078202010124202112171728292021330SARS CoV 22021SAGOSARS CoV 2SAGOSARS CoV 2SARS CoV 220202019111212820217.6174201910122022201991123143850201912820 990chars,0.17144602564591438,负面
关于新冠疫情防控与病毒溯源的中方行动和立场,"430 30
20254
191814
20202021
202078202010124
20211217172829
2021330SARS-CoV-2
2021SAGOSARS-CoV-2SAGO
SARS-CoV-2
SARS-CoV-2
202020191112128
20217.617420191012
2022201991123143850201912
82… [+991 chars]",2025-04-30,430302025419181420202021202078202010124202112171728292021330SARS CoV 22021SAGOSARS CoV 2SAGOSARS CoV 2SARS CoV 220202019111212820217.617420191012202220199112314385020191282 991chars,0.2751179465654179,负面
一季度我国黄金市场稳健运行,"428
202587.24320241.2841.49%61.77225.471202553.5870.68%140.831.18%
3103A+H202518.48513.14%
290.4925.96%134.53126.85%138.01829.81%
1.64.57%10.742.85%5.5491.17%30.52143.69%2025ETF23.473ETF138.21
2… [+8 chars]",2025-04-29,428202587.24320241 2841.49% 61.77225 471202553.5870 68% 140.831 18% 3103A H202518.48513 14% 290.4925 96% 134.53126 85% 138.01829 81% 1.64 57% 10.742 85% 5.5491 17% 30.52143 69% 2025ETF23.473 ETF138.212 8chars,0.5279969104827694,中性
AI数据中心建设热火朝天 科技巨头却集体踩刹车,"Vertiv·Giordano AlbertazziAI22%
·Kevin Miller
AIDeepSeek5000Stargate
CBRE·Pat LynchAI
10
UBSAI6.71750
20222024
Alphabet·Anat Ashkenazi2025
830BGO·John CarrafiellMeta20253000AIOpenAI
//AIAI
… [+199 chars]",2025-04-28,Vertiv GiordanoAlbertazziAI22% KevinMillerAIDeepSeek5000StargateCBRE PatLynchAI10UBSAI6.7175020222024 Alphabet AnatAshkenazi2025830BGO JohnCarrafiellMeta20253000AIOpenAI AIAI 199chars,0.07393837067689402,负面
贸易平衡会使美国不再伟大,"10%10%2025
499.96%20%80%20241.29600
9600
20012220248.66.6
1993286
202528.822020
1 1999-2024 
The U.S. Bureau of Economic Analysis 
8.4200220238203 USAFACTS202490549063
20702018
USAFACTS, Ho… [+127 chars]",2025-04-27,10% 10% 2025499.96% 20% 80% 20241.29600960020012220248 66.61993286202528 82202011999 2024TheU BureauofEconomicAnalysis8.4200220238203 USAFACTS20249054906320702018USAFACTS Ho 127chars,0.031955983299580826,负面
美团、京东关键一役：即时零售的短期激战与长期博弈,"421
AppPoloApp
4232
204
415
2014
20253
2015
20183CiPhone202030
202523%9.5%
8
XBU
20241.16202493
15201196%20246.8%20202021
20231.66%
2024POP7.4%202230%
2024GMV
20243C50%
20241828542.… [+283 chars]",2025-04-27,421AppPoloApp4232204415201420253201520183CiPhone202030202523% 9.5% 8XBU20241.1620249315201196% 20246.8% 2020202120231.66% 2024POP7.4% 202230% 2024GMV20243C50% 20241828542 283chars,0.09229873213233142,负面
家里安装了监控摄像头 有人可能在网上直播你家,"NulledCast Discord Ring Nest 
......
 2
 2022 10 
Federal Trade Commission Ring 580 Ring 
tenor
 Ring Ring 
Motherboard 2019 Ring /Ring 
2019 Wirecutter Google Nest ·Matthew Guariglia
/
32 … [+103 chars]",2025-04-25,NulledCastDiscordRingNest ...... 2202210FederalTradeCommissionRing580RingtenorRingRingMotherboard2019Ring Ring2019WirecutterGoogleNest MatthewGuariglia 32 103chars,0.020600588267144282,负面
坚定维护全球经贸秩序,"4
19291933193053%4519296861933242193427321962193446%12%GATT
206090196511198852137%196819861987100%1985199119912011GDP0.9%
4203020182019
10%20241.21201750%68835247163736109010%145%245%
940%13%
8… [+56 chars]",2025-04-25,419291933193053% 4519296861933242193427321962193446% 12% GATT206090196511198852137% 196819861987100% 1985199119912011GDP0.9% 420302018201910% 20241.21201750% 68835247163736109010% 145% 245% 940% 13% 56chars,0.23141350136096162,负面
习近平总书记率领打赢脱贫攻坚战（下）,"1957200222007122011320131120213
20201210202442224
2020
20195227071113
10%15%80%20203243
3000
102030
818001
20014010201658
90
8325859
70%20%
100
20152900202010740201970201437GDP
70%40%20… [+143 chars]",2025-04-25,19572002220071220113201311202132020121020244222420202019522707111310% 15% 80% 2020324330001020308180012001401020165890832585970% 20% 10020152900202010740201970201437GDP70% 40% 20 143chars,0.0878890288623645,负面
赛博安身权：人类对抗硅基殖民的最后防线——马斯克的战争之二,"DOGE20252DOGEOPM200FAA400
20253NOAADOGESpaceX
PalantirSpaceXStarlinkFAA
XX20232024X30%
XMetaOpenAI2024MetaHorizon Worlds80%
20251X@bearwhiteweb350%
20254XStarshipOptimus2026
--
 2024MetaWhats… [+234 chars]",2025-04-24,DOGE20252DOGEOPM200FAA40020253NOAADOGESpaceXPalantirSpaceXStarlinkFAAXX20232024X30% XMetaOpenAI2024MetaHorizonWorlds80% 20251X bearwhiteweb350% 20254XStarshipOptimus2026 -- 2024MetaWhats 234chars,0.25917217081084476,负面
看清中国，做多中国（中）,"40
90
1
2030
20249412076662.0
202435046.521.510.3202019051765.302.4%2.04%10-20
1050
20182.010-20
3-5
ROIC20051.7%20237.3%2024
10008000
5-10
20252024202520252025
2022AI
184019121949
197… [+55 chars]",2025-04-24,40901203020249412076662.0202435046 521.510 3202019051765.302 4% 2.04% 10 20105020182.010 203 5ROIC20051.7% 20237.3% 2024100080005 10202520242025202520252022AI184019121949197 55chars,0.023509114277860288,负面
告别“英伟达依赖”，车企掀起换“芯”潮,"1H20
AI
43
B
4125%
20%
600~70016003000
202470%
10~13CIS
CIS
202559
CIS
202422.4%498%23.5%
CIS202423.7%68.4%
2019Tamul
2024528Drive Orin-X210
C
202572
36
0
50
20253
AI700 TOPSAIT… [+48 chars]",2025-04-24,1H20AI43B4125% 20% 600 70016003000202470% 10 13CISCIS202559CIS202422.4% 498% 23.5% CIS202423.7% 68.4% 2019Tamul2024528DriveOrin X210C2025723605020253AI700TOPSAIT 48chars,0.000998609882170598,负面
强如开挂！电竞性能旗舰荣耀GT Pro正式发布，3199元起,"2025423GT ProGT Pro3199GT ProGT
8
GT Pro8CPU4.47GHzGPU1.2GHzLPDDR5X UltraUFS 4.1
GT ProRAMAIGT Pro
GTGT ProAI2.0GT Pro1%Low0
GT ProSoC
GT Pro2700Hz432Hz144Hz
AI2.0AIAI0
GT Pro40%R
7200mAh
G… [+331 chars]",2025-04-23,2025423GTProGTPro3199GTProGT8GTPro8CPU4.47 GHzGPU1.2 GHzLPDDR5XUltraUFS4.1 GTProRAMAIGTProGTGTProAI2.0 GTPro1% Low0GTProSoCGTPro2700Hz432Hz144HzAI2.0 AIAI0GTPro40% R7200mAhG 331chars,0.9359584322001591,正面
习近平总书记率领打赢脱贫攻坚战（上）,"20247
1957200222007122011320131120213
20201210202442224
3
803000
12020
201212
201311
2014135113550201213.0415.6%
2015618
2015112020
85201620205
202020204000199420002001201032092688331832… [+336 chars]",2025-04-23,202471957200222007122011320131120213202012102024422243803000120202012122013112014135113550201213.0415 6% 2015618201511202085201620205202020204000199420002001201032092688331832 336chars,0.10379525486001573,负面
中国零售为何没有超越美国？,"20192020202420%2020
2019
201020194195.6%2694201910-11
20198%
20202020-202190%5300
202220241.879.3%20251.783.8%20142020
202032.4CAREs60021.441.6
2020513.6%
202420/CS201952%
202150202130%30%
… [+167 chars]",2025-04-22,20192020202420% 20202019201020194195.6% 2694201910 1120198% 20202020 202190% 5300202220241.879 3% 20251.783 8% 20142020202032.4 CAREs60021.441 62020513.6% 202420 CS201952% 202150202130% 30% 167chars,0.19879189758096993,负面
超1200名顶级经济学家签署“反关税宣言” 诺奖得主、前总统顾问均在列！,24 anti-tariff declaration,2025-04-21,24anti tariffdeclaration,0.3753580990227543,负面
宇树回应「机器人半马」成绩：非官方团队参赛；董宇辉获人民文学奖；特斯拉 Cybertruck 滞销，大幅降价,"4 19 2025 Ultra N2
G1 IT G1 
G1 IT 
Seedream 3.0 
4 19 Seedream 3.0 Seedream 2.0 GPT-4oMidjourney v6.1 Imagen 3 
 GPT-4o Canva 
 AI Midjourney v6.1
 Seedream 3.0 IT 
 M8 72 4.4 
 BG M8 72 4.… [+589 chars]",2025-04-20,4192025UltraN2G1ITG1G1ITSeedream3.0419 Seedream3.0 Seedream2.0 GPT 4oMidjourneyv6.1 Imagen3GPT 4oCanvaAIMidjourneyv6.1 Seedream3.0 ITM8724.4 BGM8724 589chars,8.262304032280454e-06,负面
警方通过手机信号塔进行大规模电话追踪的行为被联邦法官裁定违宪,0cnBeta.COM  2025-04-20 02:14:43,2025-04-19,0cnBeta COM 2025 04 2002 14 43,0.44767845850986676,中性
黄仁勋钩住梁文锋,"H20
DeepSeek
DeepSeekH20DeepSeekDeepSeek
DeepSeekGTCDeepSeek
DeepSeekAI
01.
CEO
NRPH20
H20H20
18%
H20
55H20
427
6%
4830
02.
AI
AIDeepSeek
R1
OpenAIAnthropicCEODeepSeekDeepSeekDeepS… [+236 chars]",2025-04-18,H20DeepSeekDeepSeekH20DeepSeekDeepSeekDeepSeekGTCDeepSeekDeepSeekAI01 CEONRPH20H20H2018% H2055H204276% 483002 AIAIDeepSeekR1OpenAIAnthropicCEODeepSeekDeepSeekDeepS 236chars,0.30591555828267714,负面
鸿蒙智行智界汽车全系 4 月功能 OTA 更新大规模推送，新增露营模式、智慧语音升级,"IT 4 17 OTA 4 R7 Ultra | R7 Max | R7 Pro | R7 Max | R7 Pro | S7 Ultra | S7 Max RS | S7 Max+ | S7 Max | S7 Pro 
IT
01- -
 R7 
R7 
1
2 &gt; 
3 &gt; &gt; 
* 
* P 
1.1 
1
2
3
1.2 
1 V2L 
… [+444 chars]",2025-04-17,IT417OTA4R7Ultra R7Max R7Pro R7Max R7Pro S7Ultra S7MaxRS S7Max S7Max S7ProIT01 -- R7R712 gt gt gt P1.11231 21V2L 444chars,0.09023521058794282,负面
雷军老搭档在美国爆火,"GoogleGoogleWhatsApp
800%3000413DHgateiOS11.7530732%6.5155%
20
WAVE
1999
IT·
CEO
CEO
3
7500
20
5
+
DULUPS
B2B
2008
20
1425
2010
203300770025022514188
2025
202120182020GMV13.6114.… [+155 chars]",2025-04-17,GoogleGoogleWhatsApp800% 3000413DHgateiOS11.7530732% 6.5155% 20WAVE1999IT CEOCEO37500205 DULUPSB2B200820142520102033007700250225141882025202120182020GMV13.6114 155chars,0.12911571383706466,负面
OpenAI 深夜曝 o3、o4-mini 新模型；华为「鸿蒙笔记本」万元起步；苹果Vision Air 头显曝光,"OpenAI Agent 
4 17 OpenAI OpenAI ——o3 o4-mini 12 OpenAI o3 o3 OpenAI o1
OpenAI o3 o3 Agent o3 
 Agent OpenAI o3 600 OpenAI O DeepSeek R1 AI Agent 
AI 
4 16 AI ...
AI App AI DeepSeek IT 
4 16 5… [+652 chars]",2025-04-17,OpenAIAgent417OpenAIOpenAI o3o4 mini12OpenAIo3o3OpenAIo1OpenAIo3o3Agento3AgentOpenAIo3600OpenAIODeepSeekR1AIAgentAI416AI ... AIAppAIDeepSeekIT4165 652chars,0.0001275983196594721,负面
在做优增量和盘活存量中全面提高资源配置效率（深入学习贯彻习近平新时代中国特色社会主义思想·学习《习近平经济文选》第一卷专家谈）,"201420241
2023252.1151.01187.0505.9169.52020500
201319.6%20233.0%
20243.62.68%2.11%OECD202410466134.9202332.85ZB1.73ZB0.95ZB2.9%
10
90%90%90%90%90%90%90%15%15%15%15%
 20250416 13",2025-04-16,2014202412023252.1151 01187.0505 9169.52020500201319 6% 20233.0% 20243.62 68% 2.11% OECD202410466134.9202332 85ZB1.73 ZB0.95 ZB2.9% 1090% 90% 90% 90% 90% 90% 90% 15% 15% 15% 15% 2025041613,0.152456174235152,负面
对话30位关税战亲历者：做最好的准备，做最坏的打算,"Waves
 (CBP) 1120AI
·
Wavesall in10
Part01
WavesODM
7-8ODM
800SheinTemu
CBP202414
425200:015212:014830%90%
TikTokTemuShein
Waves
BrandenWavesShopeeLazada11%44%7-10%
TemuTemuLocal
SKU
2… [+548 chars]",2025-04-15,Waves CBP 1120AI Wavesallin10Part01WavesODM7 8ODM800SheinTemuCBP202414425200 015212 014830% 90% TikTokTemuSheinWavesBrandenWavesShopeeLazada11% 44% 10% TemuTemuLocalSKU2 548chars,0.21376531652155906,负面
关税风波下的芯片市场：华强北商家“捂”货待涨 国产半导体厂商已接到“替代”订单,"0  2025-04-15 09:27:07
CPUGPU
IDMMCU
414CPUGPUCPU
50905080 GPUAMDCPU
5000500052005800
Sigmaintell
AI
TI
LED
30-50
IDM 
000034.SZIT
001287.SZ
000062.SZSKUSKU1000.2%2%
300131.SZ
IDM
ID… [+127 chars]",2025-04-15,2025 04 1509 27 07CPUGPUIDMMCU414CPUGPUCPU50905080GPUAMDCPU5000500052005800SigmaintellAITILED30 50IDM000034 SZIT001287 SZ000062 SZSKUSKU1000.2% 2% 300131 SZIDMID 127chars,0.007132960081797646,负面
冲破次元壁！初音未来梦幻联名丨华硕ROG DAY暨2025新品发布会,"412ROG2025 ROG DAYROG DAYROG LAB
ROGNUC
×IP
UIIP
RTX50 
UI&amp;| 
RTX50 GT3 UIRTX50NVIDIA 50GPUDLSS
B850 LOGO/BIOS/UI&amp;3M.2+WiFi 6E¥1449 | 2025412 12:00 
B850 IOMIKUMIKUBIOSUIMIKU8PCBDDR5A… [+1804 chars]",2025-04-14,412ROG2025ROGDAYROGDAYROGLABROGNUC IPUIIPRTX50UI amp RTX50GT3UIRTX50NVIDIA50GPUDLSSB850LOGO BIOS UI amp 3M.2 WiFi6E 1449 202541212 00B850IOMIKUMIKUBIOSUIMIKU8PCBDDR5A 1804chars,0.0692701126205042,负面
OpenAI 用户或达 8 亿，本周曝新模型；欧盟或取消中国电动汽车关税；人类一生所学不过4GB，比 U 盘更小,"Sam AltmanOpenAI 
4 14 OpenAI Sam Altman X 
Sam Altman o3 o4-mini GPT-5
Sam Altman GPT-5 ChatGPT 4 Sam Altman 10% OpenAI 8 IT 
220 iPhone
 3 12 220 iPhone 60% 20% iPhone
 Siri 
 Apple Intellig… [+591 chars]",2025-04-14,SamAltmanOpenAI414OpenAISamAltmanXSamAltmano3o4 miniGPT 5SamAltmanGPT 5ChatGPT4SamAltman10% OpenAI8IT220iPhone312220iPhone60% 20% iPhoneSiriAppleIntellig 591chars,2.5327423834875518e-05,负面
“对等关税”暂停、部分豁免生效 全球供应链如何应对冲击？,"49
Jules Hugot
4510%31225%4325%414232
Louise Loo
Switch 2Peter ChristianDiesel
900
-1200
3
TD CowenSteve Scala
Evan Seigerman
Sunil Kaushal
41087%412
CPTPPMercosurChristopher LuxonCPTPP20… [+29 chars]",2025-04-13,49JulesHugot4510% 31225% 4325% 414232LouiseLooSwitch2PeterChristianDiesel900 12003TDCowenSteveScalaEvanSeigermanSunilKaushal41087% 412CPTPPMercosurChristopherLuxonCPTPP20 29chars,0.07214908838342105,负面
OpenAI揭秘GPT-4.5训练：10万块GPU几乎全员上阵 出现“灾难性问题”,"GPT-4.5OpenAIOpenAI
OpenAI10OpenAIbug40%
OpenAI5-10GPT-4GPT-4GPT-4.510OpenAI
OpenAI10
1000GPU
OpenAIScaling Lawco-designGPT-4.5OpenAI
3OpenAIAlex PainoGPT-4.5Amin TootoonchianOpenAIDaniel Selsa… [+1485 chars]",2025-04-13,GPT 4.5 OpenAIOpenAIOpenAI10OpenAIbug40% OpenAI5 10GPT 4GPT 4GPT 4.510 OpenAIOpenAI101000GPUOpenAIScalingLawco designGPT 4.5 OpenAI3OpenAIAlexPainoGPT 4.5 AminTootoonchianOpenAIDanielSelsa 1485chars,0.22091695429926161,负面
OpenAI 揭秘 GPT-4.5 训练：10 万块 GPU，几乎全员上阵，出现“灾难性问题”,"4 13 OpenAI GPT-4.5 1 OpenAI CEO Sam Altman GPT-4.5 3 45 
GPT-4.5 OpenAI OpenAI 
OpenAI 10 OpenAI bug 40% 
 OpenAI 5-10 GPT-4 GPT-4 GPT-4.5 10 OpenAI 
OpenAI 10 
1000 GPU 
OpenAI Scaling Law co… [+1759 chars]",2025-04-13,413OpenAIGPT 4.51 OpenAICEOSamAltmanGPT 4.5345 GPT 4.5 OpenAIOpenAIOpenAI10OpenAIbug40% OpenAI5 10GPT 4GPT 4GPT 4.510 OpenAIOpenAI101000GPUOpenAIScalingLawco 1759chars,0.008458477705404088,负面
美国对电脑、手机等豁免征收「对等关税」；Ilya 新公司估值达到 2000 亿元；刘强东回应美团高管看衰京东外卖 | 极客早知道,"4 12 
CNBC iPhone wccftech 145% 
4 12 11 AI NextEvo AI 
 OpenAI Ilya AI 
4 12 OpenAI ·Ilya Sutskever Safe SuperintelligenceSSISSI 20 Greenoaks 320 
 900 
4 12 · 900 46 2019 
9 500 
4 12 iPhon… [+663 chars]",2025-04-13,412CNBCiPhonewccftech145% 41211AINextEvoAIOpenAIIlyaAI412OpenAI IlyaSutskeverSafeSuperintelligenceSSISSI20Greenoaks320900412 9004620199500412iPhon 663chars,3.446780889171386e-05,负面
OpenAI 前 CTO 爆炸开局：种子轮开盘 20 亿美元，0 产品 0 用户估值直奔 100 亿，GPT 论文一作也加入了,"OpenAI CTO Mira Murati 
20 146 
Thinking Machines Lab 100 
 AI 100 
20 
Mira Murati 
 GPT Alec Radford OpenAI Bob McGrew
OpenAI CTO 100 
 90 10 
 10 Mira Murati 1 7 
 AI
 20 
Thinking Mac… [+723 chars]",2025-04-11,OpenAICTOMiraMurati20146ThinkingMachinesLab100AI10020MiraMuratiGPTAlecRadfordOpenAIBobMcGrewOpenAICTO100901010MiraMurati17AI20ThinkingMac 723chars,0.0003875760069169676,负面
美股收跌纳指跌逾4% 市场继续关注特朗普关税,"1014.792.50%39593.66737.664.31%16387.31500188.853.46%5268.05
AMD8.4%7.3%6.9%Meta6.7%5.9%5.2%4.2%
90
90
-X
LPL FinancialJeffrey Roach90
Forvis MazarsGeorge Lagarias
Commodity InsightsJim Burkha… [+238 chars]",2025-04-11,1014.792 50% 39593.66737 664.31% 16387.31500188 853.46% 5268.05 AMD8.4% 7.3% 6.9% Meta6.7% 5.9% 5.2% 4.2% 9090 XLPLFinancialJeffreyRoach90ForvisMazarsGeorgeLagariasCommodityInsightsJimBurkha 238chars,0.0240134443174852,负面
跨境电商人的7天摇摆,"SHEIN30%SHEIN
SHEIN2023SHEIN LatePostSHEIN 
SHEIN
2110%80027
SHEINSHEIN
SHEIN
30%90%523190%7561150101500%46%
SHEIN
ZARAH&amp;MSHEINIPO
3-5SHEIN30010005000
2023SHEIN45040%
SHEIN90%107.5%20%… [+117 chars]",2025-04-10,SHEIN30% SHEINSHEIN2023SHEINLatePostSHEINSHEIN2110% 80027SHEINSHEINSHEIN30% 90% 523190% 7561150101500% 46% SHEINZARAH amp MSHEINIPO3 5SHEIN300100050002023SHEIN45040% SHEIN90% 107.5% 20% 117chars,0.186883963356826,负面
【IT之家评测室】OPPO Find X8 Ultra 首发体验：「夜景人像」教科书,"4 10 OPPO Find X8 Ultra Ultra 
OPPO Find X7 Ultra OPPO Find X7 Ultra 4K OPPO Find X7 Ultra 
 OPPO Find X7 Ultra 6X OPPO Find X8 Ultra 
OPPO Find X8 UltraOPPO Find X7 Ultra 
 OPPO Find X8 Ultra 
… [+2175 chars]",2025-04-10,410OPPOFindX8UltraUltraOPPOFindX7UltraOPPOFindX7Ultra4KOPPOFindX7UltraOPPOFindX7Ultra6XOPPOFindX8UltraOPPOFindX8UltraOPPOFindX7UltraOPPOFindX8Ultra 2175chars,0.3524585778253818,负面
世界是一个巨大的老鼠仓,"7590 10%
29007.87%2020325 500 9.52%2008102912.16%
1.8513.4
 Truth Social 
Unusual Whales$QQQ$TQQQ$SPY$SPY 5092100%
(IVR) 82(IV)
 X 
CNBC 90 ·
 2 
202532 XRPSOLADA 
 BTCETHBTC ETH
·
95
20… [+210 chars]",2025-04-10,759010% 29007.87% 20203255009.52% 2008102912.16% 1.8513 4TruthSocialUnusualWhales QQQ TQQQ SPY SPY5092100% IVR 82 IV XCNBC90 2202532XRPSOLADABTCETHBTCETH 9520 210chars,0.12437407010209367,负面
关于中美经贸关系若干问题的中方立场,"<table><tr><td></td></tr><tr><td></td></tr>
</table><table><tr><td></td></tr><tr><td></td></tr>
</table><table><tr><td></td></tr><tr><td></td></tr>
</table><table><tr><td></td></tr><tr><td></td></… [+1928 chars]",2025-04-09,table tr td td tr tr td td tr table table tr td td tr tr td td tr table table tr td td tr tr td td tr table table tr td td tr tr td td 1928chars,0.37165162461671686,负面
雷蛇暂停在美国直接销售笔记本电脑，疑受关税政策影响,"IT 4 9 TheVerge Blade 16 Blade 16 4 1 50% 104%
Framework 4 7 Laptop 13 
 Blade 16 404 99.99 Blade 16 
IT
IT",2025-04-09,IT49TheVergeBlade16Blade164150% 104% Framework47Laptop13Blade1640499.99 Blade16ITIT,2.6400105879176294e-08,负面
特朗普称「绝对」相信可以在美国生产 iPhone；美国人恐慌性抢购 iPhone；埃隆·马斯克就关税问题与白宫争吵升级,"iPhone
· (Karoline Leavitt) · iPhone iPhone 
 4 9 
 Mac Pro
 iPhone
·
 X 
Stellantis 
Stellantis 2024 CEO Stellantis 
2024 8865 2023 19% 11300 4819 25% Stellantis 
Stellantis 
 Stelvio Giu… [+563 chars]",2025-04-09,iPhone KarolineLeavitt iPhoneiPhone49MacProiPhone XStellantisStellantis2024CEOStellantis20248865202319% 11300481925% StellantisStellantisStelvioGiu 563chars,0.18509021264412262,负面
关于中美经贸关系若干问题的中方立场,"49 9
20254
301
232
4619792520246883
20185000
2020115
50%301
20246882.8197927520018202414.7%6.3%20247.0%13.8%
20241435.52001191.8648.4%183.1%1
202451.7%29.7%17.2%10.7%10.0%9.4%8.3%
1202457.… [+1602 chars]",2025-04-09,49920254301232461979252024688320185000202011550% 30120246882.8197927520018202414 7% 6.3% 20247.0% 13.8% 20241435.52001191 8648.4% 183.1% 1202451.7% 29.7% 17.2% 10.7% 10.0% 9.4% 8.3% 1202457 1602chars,0.2030579743241271,负面
关于中美经贸关系若干问题的中方立场,"499
20254
301
232
4619792520246883
20185000
2020115
50%301
20246882.8197927520018202414.7%6.3%20247.0%13.8%
20241435.52001191.8648.4%183.1%1
202451.7%29.7%17.2%10.7%10.0%9.4%8.3%
1202457.2… [+1601 chars]",2025-04-09,49920254301232461979252024688320185000202011550% 30120246882.8197927520018202414 7% 6.3% 20247.0% 13.8% 20241435.52001191 8648.4% 183.1% 1202451.7% 29.7% 17.2% 10.7% 10.0% 9.4% 8.3% 1202457.2 1601chars,0.2033708095956024,负面
芯片法案，美国难如愿？,"1990 40% 10%-14%
2023 
 CHIPS 424
CHIPS 2023 CHIPS CHIPS CHIPS
 2030 20% · (Pat Gelsinger) 2021 30% 
 CHIPS 2024 11 78.6 250 1000 85 30 
 Mobileye Altera IPO
 GlobalFoundries EDA 14nm/10nm/7 n… [+1590 chars]",2025-04-08,199040% 10% 14% 2023CHIPS424CHIPS2023CHIPSCHIPSCHIPS203020% PatGelsinger 202130% CHIPS20241178.625010008530 MobileyeAlteraIPOGlobalFoundriesEDA14nm 10nm 7n 1590chars,0.0022435035899239786,负面
中国对美加征34%关税 对半导体产业影响几何？,"4420254101201
34%
2025410120120254101201202551324
20%-70%
20241636.241.166.2%379275923.17%
11883945319
EDAIP
CadenceSynopsysSeimens EDAEDAIPEDAIP34%
EDAEDAEDAEDAIPEDA34%
EDA
IDM
30%
WTOHS… [+1325 chars]",2025-04-07,442025410120134% 202541012012025410120120255132420% 70% 20241636.241 166.2% 379275923.17% 11883945319EDAIPCadenceSynopsysSeimensEDAEDAIPEDAIP34% EDAEDAEDAEDAIPEDA34% EDAIDM30% WTOHS 1325chars,0.0333372929220519,负面
美股大跌损失惨重 马斯克他公开挖苦特朗普“顾问”纳瓦罗,"X
Results in the ego/brains&gt;&gt;1 problem
CNN
45-4X
-450
3
453
5
5005360
44500
43445360
443290202090%443.5%
4410%433101300
27014%
·2050028%
·43444.9%55
···
100CAC40DAX
2252.75%9%… [+41 chars]",2025-04-07,XResultsintheego brains gt gt 1problemCNN45 4X 4503453550053604450043445360443290202090% 443.5% 4410% 43310130027014% 2050028% 43444.9% 55 100CAC40DAX2252.75% 9% 41chars,0.027932121761091278,负面
【IT之家评测室】OPPO Find X8s 上手体验：超窄边框、超 mini、超性能的轻薄小直屏,"OPPO Find X8 Find X8s Find X8 Ultra OPPO Find X8s 
OPPO Find X8s 
IT
OPPO Find X8 X8s S Find X8 OPPO Find X8s Find X8 
 Find X8s Find X8 mini mini 
OPPO Find X8s 6.32  1.5K+ 120Hz LTPO  2640*121… [+1486 chars]",2025-04-06,OPPOFindX8FindX8sFindX8UltraOPPOFindX8sOPPOFindX8sITOPPOFindX8X8sSFindX8OPPOFindX8sFindX8FindX8sFindX8miniminiOPPOFindX8s6.32 1.5 120HzLTPO 2640 121 1486chars,0.7797526025730513,正面
纳指跌近6%进入技术性熊市 全球市场避险情绪急剧升温,"44
6%
445.5%38314.8610%5005.97%5074.08202035.82%15587.7920%7.82%5009.08%10.02%
5.62%10%7%
8%7%
8.87%BOSS18%14%13%13%10%9%8%7%
DAX4.95%20641.72CAC404.26%7274.951004.95%8054.98DAX8.1%CAC408.1%100… [+36 chars]",2025-04-05,446% 445.5% 38314.8610% 5005.97% 5074.08202035 82% 15587.7920% 7.82% 5009.08% 10.02% 5.62% 10% 7% 8% 7% 8.87% BOSS18% 14% 13% 13% 10% 9% 8% 7% DAX4.95% 20641.72 CAC404.26% 7274.951004 95% 8054.98 DAX8.1% CAC408.1% 100 36chars,0.20569939193854603,负面
美股三大股指跌幅均超5% 道指狂泻超2000点,"2063.185.09%38482.75911.885.51%15638.72500304.825.65%5091.70
104%
2020500212%20006%20%
4.5%
5003.3%2.5%50020249
410120134%
1116CTCT
7
43
43
3
State Street Global AdvisorsSPDRMichael Arone… [+248 chars]",2025-04-04,2063.185 09% 38482.75911 885.51% 15638.72500304 825.65% 5091.70104% 2020500212% 20006% 20% 4.5% 5003.3% 2.5% 50020249410120134% 1116CTCT743433StateStreetGlobalAdvisorsSPDRMichaelArone 248chars,0.6352608490745814,正面
分析师狠批特朗普对等关税：坑惨美国消费者且毫无益处,"3%3167/
David Rosenberg
Rosenberg
Tai Hui20
Tai
Anthony Raza
Raza
Quantum StrategyDavid Roche
Roche
AMPShane Oliver421930-
Oliver
40%3%2%
Tom Kenny20%-25%20",2025-04-04,3% 3167 DavidRosenbergRosenbergTaiHui20TaiAnthonyRazaRazaQuantumStrategyDavidRocheRocheAMPShaneOliver421930 Oliver40% 3% 2% TomKenny20% 25% 20,0.11967370161309421,负面
